#ID,Nome,CPF,Nascimento,Evento
1249,leticia almeida santos,82649173504,2004,Festa Junina - Arraia do Povo
1357,Matheus Vitor,42567825468,2006,Festa Junina - Arraia do Povo
1563,carolina souza alves,32178965420,1997,Anos 80 - Flashback Neon
1593,carlos eduardo menezes,32165498745,2003,Festa Tropical / Luau - Noite Havaiana
1725,tiago henrique alves,12378945607,1999,Halloween - Noite do Terror
1943,flavia santos martins,32145698702,2007,Fantasia - Mundo Encantado
2045,matesos vitoriano,45852362578,2005,Festa Junina - Arraia do Povo
2136,vanessa oliveira rocha,95175386240,1996,Festa Tropical / Luau - Noite Havaiana
2195,luiz carlos oliveira,98745632147,1998,Halloween - Noite do Terror
2357,patricia souza lima,65498732134,2005,Festa Junina - Arraia do Povo
2473,jessica mendes rocha,49281736501,1995,Fantasia - Mundo Encantado
2486,thiago oliveira santos,12398745623,2007,Fantasia - Mundo Encantado
2587,roberto carlos mendes,54321678903,2000,Fantasia - Mundo Encantado
2789,rafael barbosa lima,12345698741,1996,Festa Tropical / Luau - Noite Havaiana
2845,maria eduarda gomes,65412398705,2006,Festa Junina - Arraia do Povo
2871,amanda rodrigues lopes,12378945608,1992,Festa Tropical / Luau - Noite Havaiana
2879,ricardo almeida lima,12345678913,1993,Fantasia - Mundo Encantado
3256,paulo roberto martins,45612378909,1994,Festa Junina - Arraia do Povo
3264,carlos eduardo rocha,32178965431,2003,Festa Tropical / Luau - Noite Havaiana
3471,gustavo henrique oliveira,78912365427,2004,Halloween - Noite do Terror
3478,patricia machado dias,24681357930,1988,Festa Junina - Arraia do Povo
3512,rosangela costa lima,45612378905,1993,Anos 80 - Flashback Neon
3578,sandra regina martins,98712345602,1998,Halloween - Noite do Terror
3618,paulo cesar martins,45612378943,1993,Fantasia - Mundo Encantado
3624,aline costa pereira,36472819507,1992,Anos 80 - Flashback Neon
3748,juliana pereira rocha,78945612387,1989,Festa Junina - Arraia do Povo
3791,fernanda lima costa,65412398718,2000,Fantasia - Mundo Encantado
3815,tatiane silva martins,59382716408,1991,Halloween - Noite do Terror
3875,caroline martins santos,32165498738,2007,Fantasia - Mundo Encantado
3962,isabela santana lima,73951842608,1999,Fantasia - Mundo Encantado
4125,rodrigo mendes lima,12345698729,2006,Festa Junina - Arraia do Povo
4132,marcelo vinicius gomes,45698712315,1995,Anos 80 - Flashback Neon
4195,antonio fernando lopes,31264597804,1994,Anos 80 - Flashback Neon
4285,thiago barbosa santos,78912345603,2002,Festa Tropical / Luau - Noite Havaiana
4326,camila dias fernandes,74815926308,1998,Festa Tropical / Luau - Noite Havaiana
4592,amanda rocha oliveira,98712365436,2002,Festa Tropical / Luau - Noite Havaiana
4763,fernanda gomes santos,12378965448,2000,Fantasia - Mundo Encantado
4826,beatriz oliveira costa,98732165402,1995,Halloween - Noite do Terror
4861,rodrigo mendes santos,78945612305,1997,Anos 80 - Flashback Neon
4872,rafael augusto pereira,45612378921,2002,Festa Tropical / Luau - Noite Havaiana
4923,karina mendes oliveira,98765432106,1991,Halloween - Noite do Terror
4987,gustavo henrique costa,78912345611,1996,Festa Tropical / Luau - Noite Havaiana
5298,mariana fernandes souza,48260317935,1993,Anos 80 - Flashback Neon
5374,rodrigo fernandes costa,32198765445,1995,Anos 80 - Flashback Neon
5428,roberto carlos oliveira,78932165417,1998,Halloween - Noite do Terror
5439,pedro henrique martins,98765432109,2000,Halloween - Noite do Terror
5631,fernanda souza gomes,15975346820,1994,Halloween - Noite do Terror
5678,paulo cesar rocha,65478932105,1999,Halloween - Noite do Terror
5748,juliana oliveira martins,45612398732,1998,Halloween - Noite do Terror
5796,luciano souza lima,81726354902,2003,Festa Junina - Arraia do Povo
5927,larissa fernandes rocha,32145698726,1996,Festa Tropical / Luau - Noite Havaiana
6124,thiago henrique costa,45678932137,1999,Halloween - Noite do Terror
6325,patricia oliveira santos,65478932112,2004,Halloween - Noite do Terror
6371,joao pedro santana,32178965407,2001,Fantasia - Mundo Encantado
6398,caroline costa gomes,65432198706,2002,Festa Tropical / Luau - Noite Havaiana
6473,daniel barbosa oliveira,92738461504,2005,Festa Tropical / Luau - Noite Havaiana
6512,rafael santos almeida,45612378963,2001,Fantasia - Mundo Encantado
6531,mariana oliveira rocha,65478932140,2001,Anos 80 - Flashback Neon
6724,alexandre souza pereira,45678912303,2000,Fantasia - Mundo Encantado
6824,larissa costa silva,32198765407,1997,Fantasia - Mundo Encantado
6834,elaine silveira costa,87654321908,2005,Festa Junina - Arraia do Povo
6842,carolina lima rocha,65412398746,2003,Festa Tropical / Luau - Noite Havaiana
6893,beatriz santos costa,65478932128,1993,Fantasia - Mundo Encantado
6895,bruno costa neves,86420975312,2003,Anos 80 - Flashback Neon
6935,amanda cristina gomes,78965412322,1999,Halloween - Noite do Terror
6981,andre luiz oliveira,63548291703,2006,Halloween - Noite do Terror
7193,luciana barbosa rocha,78932165408,1995,Anos 80 - Flashback Neon
7314,mariana costa lima,98732165424,1994,Festa Junina - Arraia do Povo
7326,renata oliveira gomes,98712365407,2002,Festa Tropical / Luau - Noite Havaiana
7382,ana clara silveira,78451296301,1998,Anos 80 - Flashback Neon
7453,isabela costa gomes,98732165442,2004,Halloween - Noite do Terror
7543,leonardo martins alves,28461937501,2001,Halloween - Noite do Terror
7549,vanessa souza lima,98765432108,2007,Fantasia - Mundo Encantado
7589,ana claudia gomes,98765432130,1995,Anos 80 - Flashback Neon
7652,felipe rodrigues gomes,37159284605,2000,Fantasia - Mundo Encantado
7654,ana paula fernandes,98732165414,2006,Festa Junina - Arraia do Povo
7683,luiz fernando gomes,12378945635,1997,Anos 80 - Flashback Neon
7689,rafael henrique silva,12398745603,2004,Festa Tropical / Luau - Noite Havaiana
7962,carolina alves mendes,65432198706,1990,Anos 80 - Flashback Neon
8157,marcos vinicius santos,28174639504,2001,Festa Tropical / Luau - Noite Havaiana
8246,luiz felipe martins,98745632119,2005,Festa Junina - Arraia do Povo
8256,diego alves pereira,78965412308,1996,Festa Junina - Arraia do Povo
8462,fernando dias costa,12345678901,2003,Festa Tropical / Luau - Noite Havaiana
8532,maria eduarda costa,45632198749,2005,Festa Junina - Arraia do Povo
8537,ricardo neves costa,15926374805,1987,Anos 80 - Flashback Neon
8614,isabel cristina rocha,32198765410,2001,Anos 80 - Flashback Neon
8652,felipe rodrigues martins,45678912325,2001,Anos 80 - Flashback Neon
8721,guilherme pereira costa,61524387905,2007,Festa Junina - Arraia do Povo
8916,rafael costa santos,78932165433,2000,Fantasia - Mundo Encantado
8927,ana paula santos oliveira,78965432144,2006,Festa Junina - Arraia do Povo
8967,juliana santos rocha,32165498716,2003,Festa Tropical / Luau - Noite Havaiana
9124,rodrigo pires fernandes,35795182461,2006,Fantasia - Mundo Encantado
9235,amanda luiza oliveira,32165498704,2005,Festa Junina - Arraia do Povo
9246,gustavo lima fernandes,78912345639,1994,Festa Junina - Arraia do Povo
9253,luiz fernando souza,65498732105,2007,Anos 80 - Flashback Neon
9463,claudia martins alves,72951843608,1997,Halloween - Noite do Terror
